<?xml version="1.0" encoding="UTF-8"?>
<faces-config
    xmlns="http://xmlns.jcp.org/xml/ns/javaee"
    xmlns:xsi="http://www.w3.org/2001/XMLSchema-instance"
    xsi:schemaLocation="http://xmlns.jcp.org/xml/ns/javaee http://xmlns.jcp.org/xml/ns/javaee/web-facesconfig_2_2.xsd"
    version="2.2">
	<managed-bean>
		<managed-bean-name>manageUser</managed-bean-name>
		<managed-bean-class>com.cvizu.todolist.view.managedbean.UserBean</managed-bean-class>
		<managed-bean-scope>session</managed-bean-scope>
	</managed-bean>
	<application>
		<message-bundle>resources.application</message-bundle>
		<locale-config>
			<default-locale>en</default-locale>
		</locale-config>
	</application>
	<navigation-rule>
		<from-view-id>*</from-view-id>
		<navigation-case>
			<from-outcome>managedUser</from-outcome>
			<to-view-id>/managedUser.xhtml</to-view-id>
		</navigation-case>
		<navigation-case>
			<from-outcome>managedToDoList</from-outcome>
			<to-view-id>/managedToDoList.xhtml</to-view-id>
		</navigation-case>
	</navigation-rule>
</faces-config>